Title,Company,Location,Salary,Skills,Experience level
Cloud Architect,7N,Warszawa,25 200 - 35 200 PLN,  Azure  ,Senior
Starszy Tester Automatyzujący,Asseco Poland S.A.,Wrocław,Znamy widełki,  SQL   Selenium   CI  ,Senior
Java Tech Lead,Sii Polska,"Remote, Warszawa",19 600 - 25 600 PLN,  Java   Microservices  ,Senior
IT Business Partner,PKO BP Finat,"Warszawa, Wrocław",, ,Senior
Senior DevOps Engineer,Kyndryl,"Remote, Wrocław",18 000 - 32 000 PLN, ,Senior
Test Lead,7N,"Remote, Warszawa",24 300 - 26 000 PLN,  Karate   Cucumber   Gherkin  ,Senior
Test Manager,Commerzbank - Centrum Technologii Cyfrowych w Polsce,"Remote, Łódź",,  Selenium   Java   Maven  ,Senior
Senior WebMethods Developer,Commerzbank - Centrum Technologii Cyfrowych w Polsce,"Remote, Łódź",,  REST   SOAP   XML  ,Senior
DevOps Engineer (Azure),7N,Remote,20 100 - 25 200 PLN,  Azure   PowerShell   Terraform  ,Senior
Senior Full Stack Java Developer,Oakfusion Sp. z o.o.,"Remote, Wrocław",12 000 - 25 000 PLN,  Java/Frontend/Cloud newest stack ,Senior
Senior Backend Developer - PHP,Miinto,"Remote, Warszawa",,  PHP ,Senior
Chapter Lead - Risk Analytics,Commerzbank - Centrum Technologii Cyfrowych w Polsce,"Remote, Łódź",,  MySQL  ,Senior
Senior Frontend Developer,Oakfusion Sp. z o.o.,"Remote, Wrocław",12 000 - 25 000 PLN,  Java/Frontend/Cloud newest stack ,Senior
SAP EWM Senior Consultant,LeverX Group,Wrocław,,  SAP  ,Senior
DevOps / QA Engineer,SAP Labs Polska,"Remote, Gliwice, Kraków, Wrocław",,  | Java / Python | Jenkins | Git | JIRA | ,Senior
Senior QA Engineer,Diebold Nixdorf,Katowice,,  JIRA   Confluence   JMeter  ,Senior
Senior Business Analyst,T-Mobile Polska S. A.,Warszawa,, ,Senior
Senior Data Engineer / Leader,Power Media,Katowice,,  Python   SQL   R  ,Senior
Senior DevOps Engineer,Power Media,Katowice,,  Selenium   Jenkins   Ansible  ,Senior
Senior Software Engineer C#/.NET,Sieć Badawcza Łukasiewicz- Instytut Lotnictwa,Warszawa,,  C#/.NET ,Senior
Senior .NET developer,Transition Technologies PSC S.A.,"Remote, Białystok, Kielce i 3 więcej",,  .NET   MS SQL  ,Senior
Główny/-a Specjalista/-ka ds. Rozwoju Oprogramowania (DevOps Squad Member),T-Mobile Polska S. A.,Warszawa,, ,Senior
ETL - Informatica Powercenter Developer,Be | Shaping the Future Poland,Remote,19 200 - 25 600 PLN,  ETL   Informatica  ,Senior
Identity Security Consultant,Predica Sp. z o.o.,"Remote, Warszawa, Lublin",14 000 - 25 000 PLN,  PowerShell  ,Senior
Senior React Developer,Digital Colliers,Remote,16 000 - 30 000 PLN,  JavaScript   React   GraphQL  ,Senior
Cloud DevOps [REMOTE in Poland],Kyndryl,"Remote, Warszawa",15 000 - 24 000 PLN, ,Senior
Offering Architect - DevOps [REMOTE in Poland],Kyndryl,"Remote, Warszawa",18 000 - 32 000 PLN,  Azure   AWS   GCP  ,Senior
Senior Java Developer,j-labs sp. z o.o.,Warszawa,24 000 - 29 600 PLN,  Java   MySQL   AWS  ,Senior
Senior Offering Architect Cloud [REMOTE in Poland],Kyndryl,"Remote, Warszawa",18 000 - 32 000 PLN,  Azure   AWS   GCP  ,Senior
Senior Java Cloud Developer,SAP Labs Polska,"Gliwice, Katowice, Łódź",,  | Java | RDBMS | SAP | SQL | ,Senior
Senior UX Designer,SAP Labs Polska,"Remote, Warszawa, Gdańsk, Gliwice",,  |Sketch|InVision|Adobe|HTML|Angular| ,Senior
Windows Packaging Engineer,Be | Shaping the Future Poland,"Remote, Warszawa",Do 23 500 PLN,  Windows   SQL   Installshield  ,Senior
Senior UI Developer,SAP Labs Polska,"Remote, Warszawa, Gdańsk, Gliwice",,  | SAP / UI5 | Angular / React | REST | ,Senior
IT Technology Senior Consultant,SAP Labs Polska,"Remote, Warszawa, Gdańsk, Gliwice",,  | SAP | REST | SOAP | Agile | Java | ,Senior
IT Business Partner,PKO BP Finat,"Warszawa, Wrocław",, ,Senior
IT Technology Expert,SAP Labs Polska,"Remote, Warszawa, Gdańsk, Gliwice",,  | SAP | HANA | ,Senior
Scrum Master,SAP Labs Polska,"Remote, Warszawa, Gdańsk, Gliwice",,  Agile ,Senior
Senior AWS Engineer,Transition Technologies PSC S.A.,"Remote, Białystok, Kielce i 3 więcej",,  AWS  ,Senior
SAP Product Master Data Architect,SAP Labs Polska,"Remote, Warszawa, Poznań, Gliwice",,  | SAP | ABAP | ,Senior
Sales Architecture Consultant,SAP Labs Polska,"Remote, Warszawa, Poznań, Gliwice",,  | SAP Analytics Cloud | C4S | SAP HANA | ,Senior
Java Software Engineer (Revenue Optimizer),Sabre Poland,"Remote, Kraków",9 000 - 26 700 PLN,  Java     Spring    Spring Boot  ,Senior
Starszy Konsultant / Analityk Biznesowo-Systemowy - IT Consulting,KPMG w Polsce ,"Remote, Warszawa",, ,Senior
Senior C++ Engineer (SLAM),Transition Technologies PSC S.A.,"Remote, Białystok, Kielce i 3 więcej",,  C++   C  ,Senior
Lead QA Automation Engineer,Luxoft Poland,Remote,,  C#   JIRA   Java  ,Senior
Senior DevOps,Luxoft Poland,Remote,,  AWS   Azure   Azure  ,Senior
Team lead Data Base developer –  MS SQL,Luxoft Poland,Remote,,  ETL   MS SQL   SQL  ,Senior
Senior Java Developer,Luxoft Poland,"Remote, Kraków",,  AWS   Azure   Azure  ,Senior
Senior DevOps (Linux Environment),Luxoft Poland,Remote,,  Linux   VMware   Windows  ,Senior
Senior Java Developer,Luxoft Poland,"Remote, Kraków",,  Agile   Java   Linux  ,Senior
Senior FullStack Developer,Luxoft Poland,"Remote, Kraków",,  Azure   Azure   Express  ,Senior
Cloud Architect,7N,Warszawa,25 200 - 35 200 PLN,  Azure  ,Senior
Starszy Tester Automatyzujący,Asseco Poland S.A.,Wrocław,Znamy widełki,  SQL   Selenium   CI  ,Senior
Java Tech Lead,Sii Polska,"Remote, Warszawa",19 600 - 25 600 PLN,  Java   Microservices  ,Senior
IT Business Partner,PKO BP Finat,"Warszawa, Wrocław",, ,Senior
Senior DevOps Engineer,Kyndryl,"Remote, Wrocław",18 000 - 32 000 PLN, ,Senior
Test Lead,7N,"Remote, Warszawa",24 300 - 26 000 PLN,  Karate   Cucumber   Gherkin  ,Senior
Test Manager,Commerzbank - Centrum Technologii Cyfrowych w Polsce,"Remote, Łódź",,  Selenium   Java   Maven  ,Senior
Senior WebMethods Developer,Commerzbank - Centrum Technologii Cyfrowych w Polsce,"Remote, Łódź",,  REST   SOAP   XML  ,Senior
DevOps Engineer (Azure),7N,Remote,20 100 - 25 200 PLN,  Azure   PowerShell   Terraform  ,Senior
Senior Full Stack Java Developer,Oakfusion Sp. z o.o.,"Remote, Wrocław",12 000 - 25 000 PLN,  Java/Frontend/Cloud newest stack ,Senior
Senior Backend Developer - PHP,Miinto,"Remote, Warszawa",,  PHP ,Senior
Chapter Lead - Risk Analytics,Commerzbank - Centrum Technologii Cyfrowych w Polsce,"Remote, Łódź",,  MySQL  ,Senior
Senior Frontend Developer,Oakfusion Sp. z o.o.,"Remote, Wrocław",12 000 - 25 000 PLN,  Java/Frontend/Cloud newest stack ,Senior
SAP EWM Senior Consultant,LeverX Group,Wrocław,,  SAP  ,Senior
DevOps / QA Engineer,SAP Labs Polska,"Remote, Gliwice, Kraków, Wrocław",,  | Java / Python | Jenkins | Git | JIRA | ,Senior
Senior QA Engineer,Diebold Nixdorf,Katowice,,  JIRA   Confluence   JMeter  ,Senior
Senior Business Analyst,T-Mobile Polska S. A.,Warszawa,, ,Senior
Senior Data Engineer / Leader,Power Media,Katowice,,  Python   SQL   R  ,Senior
Senior DevOps Engineer,Power Media,Katowice,,  Selenium   Jenkins   Ansible  ,Senior
Senior Software Engineer C#/.NET,Sieć Badawcza Łukasiewicz- Instytut Lotnictwa,Warszawa,,  C#/.NET ,Senior
Senior .NET developer,Transition Technologies PSC S.A.,"Remote, Białystok, Kielce i 3 więcej",,  .NET   MS SQL  ,Senior
Główny/-a Specjalista/-ka ds. Rozwoju Oprogramowania (DevOps Squad Member),T-Mobile Polska S. A.,Warszawa,, ,Senior
ETL - Informatica Powercenter Developer,Be | Shaping the Future Poland,Remote,19 200 - 25 600 PLN,  ETL   Informatica  ,Senior
Identity Security Consultant,Predica Sp. z o.o.,"Remote, Warszawa, Lublin",14 000 - 25 000 PLN,  PowerShell  ,Senior
Senior React Developer,Digital Colliers,Remote,16 000 - 30 000 PLN,  JavaScript   React   GraphQL  ,Senior
Cloud DevOps [REMOTE in Poland],Kyndryl,"Remote, Warszawa",15 000 - 24 000 PLN, ,Senior
Offering Architect - DevOps [REMOTE in Poland],Kyndryl,"Remote, Warszawa",18 000 - 32 000 PLN,  Azure   AWS   GCP  ,Senior
Senior Java Developer,j-labs sp. z o.o.,Warszawa,24 000 - 29 600 PLN,  Java   MySQL   AWS  ,Senior
Senior Offering Architect Cloud [REMOTE in Poland],Kyndryl,"Remote, Warszawa",18 000 - 32 000 PLN,  Azure   AWS   GCP  ,Senior
Senior Java Cloud Developer,SAP Labs Polska,"Gliwice, Katowice, Łódź",,  | Java | RDBMS | SAP | SQL | ,Senior
Senior UX Designer,SAP Labs Polska,"Remote, Warszawa, Gdańsk, Gliwice",,  |Sketch|InVision|Adobe|HTML|Angular| ,Senior
Windows Packaging Engineer,Be | Shaping the Future Poland,"Remote, Warszawa",Do 23 500 PLN,  Windows   SQL   Installshield  ,Senior
Senior UI Developer,SAP Labs Polska,"Remote, Warszawa, Gdańsk, Gliwice",,  | SAP / UI5 | Angular / React | REST | ,Senior
IT Technology Senior Consultant,SAP Labs Polska,"Remote, Warszawa, Gdańsk, Gliwice",,  | SAP | REST | SOAP | Agile | Java | ,Senior
IT Business Partner,PKO BP Finat,"Warszawa, Wrocław",, ,Senior
IT Technology Expert,SAP Labs Polska,"Remote, Warszawa, Gdańsk, Gliwice",,  | SAP | HANA | ,Senior
Scrum Master,SAP Labs Polska,"Remote, Warszawa, Gdańsk, Gliwice",,  Agile ,Senior
Senior AWS Engineer,Transition Technologies PSC S.A.,"Remote, Białystok, Kielce i 3 więcej",,  AWS  ,Senior
SAP Product Master Data Architect,SAP Labs Polska,"Remote, Warszawa, Poznań, Gliwice",,  | SAP | ABAP | ,Senior
Sales Architecture Consultant,SAP Labs Polska,"Remote, Warszawa, Poznań, Gliwice",,  | SAP Analytics Cloud | C4S | SAP HANA | ,Senior
Java Software Engineer (Revenue Optimizer),Sabre Poland,"Remote, Kraków",9 000 - 26 700 PLN,  Java     Spring    Spring Boot  ,Senior
Starszy Konsultant / Analityk Biznesowo-Systemowy - IT Consulting,KPMG w Polsce ,"Remote, Warszawa",, ,Senior
Senior C++ Engineer (SLAM),Transition Technologies PSC S.A.,"Remote, Białystok, Kielce i 3 więcej",,  C++   C  ,Senior
Lead QA Automation Engineer,Luxoft Poland,Remote,,  C#   JIRA   Java  ,Senior
Senior DevOps,Luxoft Poland,Remote,,  AWS   Azure   Azure  ,Senior
Team lead Data Base developer –  MS SQL,Luxoft Poland,Remote,,  ETL   MS SQL   SQL  ,Senior
Senior Java Developer,Luxoft Poland,"Remote, Kraków",,  AWS   Azure   Azure  ,Senior
Senior DevOps (Linux Environment),Luxoft Poland,Remote,,  Linux   VMware   Windows  ,Senior
Senior Java Developer,Luxoft Poland,"Remote, Kraków",,  Agile   Java   Linux  ,Senior
Senior FullStack Developer,Luxoft Poland,"Remote, Kraków",,  Azure   Azure   Express  ,Senior
Senior-Strong Regular Java Dev/DevOps Engineer,Luxoft Poland,"Remote, Wrocław",,  Jenkins  ,Senior
Senior C Embedded Autosar Classic Engineers,Luxoft Poland,Remote,,  C   XML  ,Senior
Quality Assurance Lead,Polcode Sp. z o.o.,Remote,9 000 - 13 000 PLN,  ISTQB  ,Senior
Senior Business Analyst,Luxoft Poland,Remote,,  Agile   Confluence   Exchange  ,Senior
Senior Full stack developer (Python/Nodejs/React),Luxoft Poland,Remote,,  Express   Python  ,Senior
AWS Data Engineer (Mid/Senior),ONWELO SA,Remote,17 000 - 23 000 PLN,"  AWS, S3, EC2, Glue, Python, SQL ",Senior
Senior Python Developer,Luxoft Poland,Remote,,  AWS   CI   Docker  ,Senior
Senior MS SQL developer,Luxoft Poland,"Kraków, Wrocław",,  SQL   T-SQL  ,Senior
Senior .NET/C# Developer,Enigma SOI,Wrocław,Znamy widełki,  autorski produkt ,Senior
Senior Computer Vision/Deep Learning Engineer,Luxoft Poland,Remote,,  Python  ,Senior
Team Lead frontend developer,Luxoft Poland,Remote,,  Angular   JavaScript  ,Senior
Senior Frontend Developer with Vue.js,Monterail,"Remote, Wrocław",12 400 - 25 000 PLN,  JavaScript   TypeScript   Vue.js  ,Senior
Senior Sybase Developer,Luxoft Poland,Remote,,  CI   Perl   SQL  ,Senior
Senior UI Developer,Luxoft Poland,"Remote, Wrocław",,  CSS   HTML   JavaScript  ,Senior
Lead Cloud Architect (Azure),7N,Remote,24 000 - 32 000 PLN,  Azure  ,Senior
Senior DevOps Engineer,Luxoft Poland,Remote,,  Ant   Apache  ,Senior
Senior Java Developer,Luxoft Poland,"Kraków, Wrocław",,  Groovy   Java  ,Senior
Senior Python Developer,Monterail,"Remote, Wrocław",12 400 - 25 000 PLN,  Python   REST   Django  ,Senior
Software Developer JavaScript [React] Senior,Luxoft Poland,Wrocław,,  CSS   HTML   JavaScript  ,Senior
Senior QA Automation Engineer,Luxoft Poland,"Remote, Kraków",,  Agile   Confluence  ,Senior
Senior Full Stack Developer (C# + Typescript + SQL),Luxoft Poland,Remote,,  C#   SQL   TypeScript  ,Senior
Senior ReactJS Developer,Luxoft Poland,Remote,,  Agile   PostgreSQL  ,Senior
Senior Python Developer (Elastic Stack),Luxoft Poland,Remote,,  Bamboo   Confluence   Git  ,Senior
Technical Lead Engineer,Luxoft Poland,Remote,,  .NET   Git   JIRA  ,Senior
Senior Software Developer C++,Luxoft Poland,Wrocław,,  C++  ,Senior
Senior .NET Developer for financial domain,Luxoft Poland,Remote,,  .NET   C#   Docker  ,Senior
Senior GPU Tool Developer,Luxoft Poland,Gdańsk,,  C   C++  ,Senior
AI GPU Senior Software Architect,Luxoft Poland,"Remote, Gdańsk",,  C   C++   Linux  ,Senior
Senior Java Developer,Luxoft Poland,"Remote, Warszawa",,  Agile   Java  ,Senior
Senior Java Script Developer,Luxoft Poland,"Remote, Kraków",,  Angular   CI   CSS  ,Senior
Senior Java Developer,Luxoft Poland,"Kraków, Wrocław",,  BDD   Cucumber   Java  ,Senior
Senior React Developer,Luxoft Poland,"Remote, Kraków",,  CSS   JavaScript   React  ,Senior
Senior Java Developer,Luxoft Poland,Remote,,  ActiveMQ   Ansible   Java  ,Senior
Senior Tableau Developer,Luxoft Poland,Remote,,  SQL  ,Senior
Senior Java Developer,Luxoft Poland,"Remote, Wrocław",,  Agile   Hadoop   JPA  ,Senior
Senior Full Stack Developer,Luxoft Poland,Remote,,  Angular   Git  ,Senior
Senior Embedded Developer (C++)_CameraDataProvider,Luxoft Poland,Remote,,  C++   Linux  ,Senior
Senior Android Application Engineer,Luxoft Poland,Remote,,  Android   Java  ,Senior
Senior Full stack java developer,Luxoft Poland,"Remote, Kraków",,  Angular   Java   JavaScript  ,Senior
Senior React Engineer For Desktop Applications,Luxoft Poland,Remote,,  AWS   CSS   Electron  ,Senior
Senior Software Developer ADAS C/C++,Luxoft Poland,Wrocław,,  C++  ,Senior
Senior Backend Developer (JAVA/Jira),Luxoft Poland,Gdańsk,,  Hibernate   J2EE   Java  ,Senior
C/C++ Senior Software developer,Luxoft Poland,Wrocław,,  C++  ,Senior
Senior Network Engineer,Luxoft Poland,Remote,, ,Senior
Senior Java Developer,Luxoft Poland,Remote,,  Hibernate   Java   SQL  ,Senior
Senior Data Engineer,Luxoft Poland,Wrocław,,  Big Data   NoSQL   Python  ,Senior
Senior DevOps Engineer,Luxoft Poland,Wrocław,,  Ansible   Bash   Docker  ,Senior
Senior Devops Engineer,Luxoft Poland,"Wrocław, Kraków",,  Ansible   Bash   Docker  ,Senior
Senior Security Quality Engineer,Luxoft Poland,Remote,,  Android   Bash   Ethernet  ,Senior
Fenergo Senior Developer,Luxoft Poland,"Remote, Wrocław",,  .NET   Apache   Git  ,Senior
Senior Ruby on Rails Developer,Monterail,"Remote, Wrocław",12 400 - 25 000 PLN,  Ruby on Rails   Ruby   Git  ,Senior
SQL Server Consultant,Be | Shaping the Future Poland,Warszawa,17 000 - 23 500 PLN,  Windows Server   MS SQL  ,Senior
Delivery Manager,j-labs sp. z o.o.,Kraków,Do 24 600 PLN,  mikroserwisy  ,Senior
Senior iOS Developer,ONWELO SA,"Remote, Lublin, Warszawa",Do 24 500 PLN,  iOS   MVVM   VIPER   ,Senior
Senior Frontend Developer,Packhelp S.A.,"Remote, Warszawa",18 000 - 23 000 PLN,  React/Vue ,Senior
Senior C# Developer,Power Media,Wrocław,,  C#   .NET   Unity  ,Senior
Java Hybris Developer,Sii Polska,Wrocław,,  Java   SAP Hybris   Commerce  ,Senior
Senior Principal Applications Architect- Sabre Hospitality team,Sabre Poland,"Remote, Kraków",,  C#   Java   NoSQL  ,Senior
Senior Node.js Developer,Future Processing,"Remote, Gliwice",10 400 - 19 400 PLN,  Możliwość wyboru projektu ,Senior
Software Developer: DevOps [REMOTE in Poland],Kyndryl,Remote,18 000 - 28 500 PLN,  Kubernetes   Puppet   Ansible  ,Senior
Senior Platform Engineer (DevOps/SysOps),Amusys Production Sp. z o.o.,Remote,20 000 - 28 000 PLN,  DevOps/SysOps ,Senior
Senior Backend Developer - PHP/Golang,Miinto,"Remote, Warszawa",Znamy widełki,  PHP/Golang ,Senior
Senior IT Business Analyst,Commerzbank - Centrum Technologii Cyfrowych w Polsce,"Remote, Łódź",Znamy widełki, ,Senior
ETL Software Engineer,Commerzbank - Centrum Technologii Cyfrowych w Polsce,"Remote, Łódź",,  Python   SQL   Agile  ,Senior
Senior Java / Spring Developer,The WorkinGroup,Remote,21 000 - 25 200 PLN,"  Spring, Postman, PostgreSQL ",Senior
Senior Specialist In Model Validation,Commerzbank - Centrum Technologii Cyfrowych w Polsce,Łódź,Znamy widełki,  SQL     R  ,Senior
Senior Java Developer CDM,Commerzbank - Centrum Technologii Cyfrowych w Polsce,"Remote, Łódź",Znamy widełki,  Java   J2EE   Spring  ,Senior
Principal Java Developer,j-labs sp. z o.o.,"Remote, Warszawa",28 800 - 31 900 PLN,  waw_pb ,Senior
Business Expert Commerzbank,Commerzbank - Centrum Technologii Cyfrowych w Polsce,Łódź,Znamy widełki,  SQL   MS Office tools  ,Senior
Senior Specialist in Liquidity Area,Commerzbank - Centrum Technologii Cyfrowych w Polsce,Łódź,Znamy widełki,  R   SQL   Excel  ,Senior
Cloud SME [REMOTE in Poland],Kyndryl,"Remote, Warszawa",15 000 - 24 000 PLN,  Azure   AWS   GCP  ,Senior
Senior Java Developer (Fintech),ONWELO SA,"Remote, Warszawa, Gdańsk",16 000 - 22 000 PLN,  Java   Spring   Hibernate  ,Senior
AWS DevOps,Power Media,Remote,,  AWS   Linux   Windows  ,Senior
Lead Web Application Engineer (Angular),Power Media,"Remote, Kraków",,  JavaScript     TypeScritp   Angular 8+  ,Senior
Offering Architect - Cloud [REMOTE in Poland],Kyndryl,"Remote, Warszawa",15 000 - 24 000 PLN,  Azure   AWS   GCP  ,Senior
Senior Business Analyst,Future Processing,"Remote, Gliwice",8 000 - 21 100 PLN,  Możliwość zmiany projektu ,Senior
 Senior Full Stack Developer ,TMS Poland Sp.zo.o.,"Łódź, Bytom",12 000 - 20 000 PLN,  C#/.NET ,Senior
Senior Frontend Developer,Power Media,"Remote, Kraków",,  Angular     React     Vue   ,Senior
Senior Java Developer ,Power Media,"Remote, Wrocław",,  Java   Spring  ,Senior
Starszy Programista Java,PKO BP Finat,"Remote, Warszawa, Łódź, Wrocław",,  Java   Spring Boot   JUnit  ,Senior
Senior Java Developer (Hybris),Power Media,"Remote, Wrocław",,  Java   Hybris    SAP Commerce  ,Senior
Python Data Developer - Team Lead,ONWELO SA,Remote,17 000 - 22 000 PLN,"  Python, Kubernetes, Microservcies ",Senior
Senior Project Manager,Luxoft Poland,Remote,,  Azure   Azure   Big Data  ,Senior
Senior Project Manager,Luxoft Poland,Remote,,  Azure   Azure   Big Data  ,Senior
Senior Big Data Developer with Python,Luxoft Poland,Remote,,  Big Data   Python   Spark  ,Senior
Senior Project Manager,Luxoft Poland,Remote,,  Azure   Azure   Big Data  ,Senior
Senior Python Engineer,Luxoft Poland,Remote,,  Git   JIRA   Linux  ,Senior
Senior Software Developer C++,Luxoft Poland,Wrocław,,  C++   Git   Python  ,Senior
Senior Software Developer C/C++,Luxoft Poland,"Gdańsk, Wrocław",,  C   C++   Ethernet  ,Senior
Senior .net developer,Luxoft Poland,Kraków,,  .NET   C#   Kafka  ,Senior
Senior Data Engineer,Luxoft Poland,Remote,,  GCP   Hadoop   Java  ,Senior
Senior Java Developer,Luxoft Poland,Warszawa,,  Java   Kubernetes   RabbitMQ  ,Senior
Senior C++ developer,Luxoft Poland,Remote,,  C++  ,Senior
Senior Software Developer (C++),Luxoft Poland,"Gdańsk, Wrocław",,  C++   Linux  ,Senior
Regular/Senior Java Developer,Luxoft Poland,"Kraków, Wrocław",,  JMS   Java   Spring  ,Senior
Senior Java Developer,Luxoft Poland,"Kraków, Wrocław",,  Azure   Agile   Azure  ,Senior
Senior java developer,Luxoft Poland,"Remote, Kraków",,  Agile   BDD   Git  ,Senior
Senior Murex Datamart Developer,Luxoft Poland,Remote,,  Linux   SQL  ,Senior
Senior .NET Developer,Luxoft Poland,Remote,,  C#   MS SQL   SQL  ,Senior
Senior QA Engineer,Luxoft Poland,Remote,,  .NET   Java   Linux  ,Senior
Senior Java Developer,Luxoft Poland,Remote,,  Docker   Java   Kubernetes  ,Senior
Senior DevOps Engineer,Luxoft Poland,Kraków,,  Azure   Azure   Bash  ,Senior
Senior FullStack JavaScript Developer,23Knots,"Remote, Gdańsk, Poznań, Kraków",14 000 - 22 000 PLN,"  Mały zespół, fajna atmosfera.  ",Senior
Senior Test Engineer with Automation skills,Luxoft Poland,Remote,,  SQL  ,Senior
Senior C#/.NET developer,Luxoft Poland,"Remote, Kraków",,  .NET   C#   WCF  ,Senior
Infrastructure & DevOps Engineer ,Zonda Global,"Remote, Katowice, Kraków",,  100% remote work ,Senior
Senior Go Developer,Luxoft Poland,Remote,,  Go   Linux   REST  ,Senior
Senior Integration Engineer,Luxoft Poland,Remote,,  CI   Eclipse   Git  ,Senior
Senior C++ Developer ,Transition Technologies PSC S.A.,"Remote, Białystok, Kielce i 3 więcej",,  Augmented Reality project ,Senior
Murex Senior Tester,Luxoft Poland,Warszawa,,  JIRA   Unix  ,Senior
Senior IT Business Analyst,Luxoft Poland,Remote,,  Agile  ,Senior
Senior Fullstack Python Developer,Sigma IT Poland,"Remote, Wrocław",14 000 - 21 800 PLN,  construction industry ,Senior
Senior DevOps Engineer,Luxoft Poland,Remote,,  Bash   CI   Docker  ,Senior
Senior Java Developer,Luxoft Poland,Remote,,  Hibernate   JPA   JSON  ,Senior
Senior Java Engineer ,Transporeon,Kraków,,  Java   Angular   PostgreSQL  ,Senior
Senior Angular Frontend Developer,Transporeon,Kraków,,  Angular  ,Senior
Senior Interface Analyst,Sapiens Software Solutions Poland Sp. z o.o. ,"Remote, Katowice, Gdynia",,  XML   SOAP   JSON  ,Senior
Cloud Architect,Sapiens Software Solutions Poland Sp. z o.o. ,"Remote, Katowice",,  CI   CD   AWS  ,Senior
Koordynator Testów,PKO BP Finat,"Remote, Warszawa, Kraków, Wrocław",,  JIRA  ,Senior
Data Warehouse Developer,ING Bank Śląski,"Remote, Katowice, Warszawa",,  Praca zdalna ,Senior
Principal Software C++ Engineer,Sabre Poland,"Remote, Kraków",,  C   C++   Linux  ,Senior
Senior Framework Developer,Sapiens Software Solutions Poland Sp. z o.o. ,"Remote, Katowice, Gdynia",,  NoSQL   Java   REST  ,Senior
Global Solution Architect,Diebold Nixdorf,"Remote, Katowice",Znamy widełki,  C#   .NET   Angular  ,Senior
Senior Software Engineer / C# / .NET / Cloud (100% remote),Diebold Nixdorf,"Remote, Katowice, Wrocław",Znamy widełki,  C#   .NET   Cloud  ,Senior
Head of IT Architect's Team,Kyndryl,"Remote, Wrocław, Katowice",,  Database   Storage   Cloud  ,Senior
Senior Full Stack Developer - React,Diebold Nixdorf,"Remote, Katowice",,  Azure   .NET Core   React  ,Senior
Engineering Manager,project44,"Remote, Kraków",,  Java   Spring Boot   AWS  ,Senior
Senior Software Engineer,project44,"Remote, Kraków, Amsterdam i 3 więcej",,  Java   AWS   GCP  ,Senior
Senior Node.js Developer,Packhelp S.A.,Warszawa,18 000 - 23 000 PLN,  Node.js ,Senior
Python Senior Developer,Sofomo,"Remote, Wrocław",12 000 - 20 000 PLN,  Django ,Senior
Senior iOS Engineer,ViacomCBS,Warszawa,,  Entertainment | Online media ,Senior
IT Project Manager,Clurgo,Warszawa,16 000 - 19 200 PLN,  Scrum  ,Senior
Senior Front-end Developer (React),Future Processing,"Remote, Gliwice",10 400 - 19 400 PLN,  Możliwość wyboru projektu ,Senior
Team Lead Software Engineer,Sii Polska,"Remote, Kraków, Warszawa i 12 więcej",,  JavaScript   React  ,Senior
Java Developer - Algo Trading,Sii Polska,"Remote, Warszawa, Gdańsk i 12 więcej",,  Java Core   Multithreading   Algorythms  ,Senior
Front End Developer,Skytek Ltd,Remote,,"  JavaScript, HTML5, DOM, CSS ",Senior
Senior Portfolio Coordinator,Power Media,"Remote, Kraków, Katowice",,  Excel  ,Senior
C# Senior Software Engineer - 100 % remote,Power Media,"Remote, Kraków",,  .NET   C#  ,Senior
Senior Web Developer,Transition Technologies PSC S.A.,"Remote, Białystok, Kielce i 3 więcej",,  HTML   CSS   JavaScript  ,Senior
Engineering Manager (Salesforce/Veeva),GSK Tech Global Centre in Poznan,Poznań,,  Java  ,Senior
Senior Business Analyst (PowerBI),Luxoft Poland,Remote,, ,Senior
Senior C++ Engineer,Luxoft Poland,Remote,,  C++  ,Senior
Senior Frontend Developer,7N,Remote,18 400 - 23 100 PLN,  Angular 11 ,Senior
Senior Technical Project Manager,Luxoft Poland,Remote,,  Agile  ,Senior
Senior Front End Engineer,Luxoft Poland,Remote,,  CSS3   Git   HTML5  ,Senior
Senior Java Developer,7N,Remote,18 400 - 23 100 PLN,  | Pharma |  | Java 11 | ,Senior
Senior Java Full-stack Developer,Luxoft Poland,Remote,,  J2EE   JPA   Java  ,Senior
QA Test Lead / Analyst,Luxoft Poland,Remote,,  JIRA  ,Senior
Lead ETL Developer - Data Warehouse for Regulatory Reporting,Luxoft Poland,Kraków,,  Agile   Bamboo   Bash  ,Senior
Senior C++ Developer,Luxoft Poland,Wrocław,,  Agile   C++   Git  ,Senior
Senior Data Engineer,Luxoft Poland,Kraków,,  Azure   Agile   Azure  ,Senior
Senior Scrum Master,Luxoft Poland,Remote,,  Agile   CI   JIRA  ,Senior
Solutions Architect,Polcode Sp. z o.o.,"Remote, Warszawa, Kraków, Białystok",14 000 - 18 000 PLN,  AWS  ,Senior
Team Lead / Scrum Master with technical background,Luxoft Poland,"Remote, Wrocław",,  J2EE   JEE   Java  ,Senior
Senior Front-end developer,Luxoft Poland,Kraków,,  JavaScript   React   Redux  ,Senior
Service Desk Manager,Sapiens Software Solutions Poland Sp. z o.o. ,"Katowice, Gdynia",,  ITIL   ServiceNow  ,Senior
Regular/Senior Java Developer,Luxoft Poland,Remote,,  CI   Java   Spring  ,Senior
Senior C# developer,Luxoft Poland,Remote,,  Agile   C#   Windows  ,Senior
"Java Developer, Reporting Services",DataArt,"Remote, Wrocław, Lublin, Kraków",15 000 - 22 000 PLN,  Java   Spring  ,Senior
Lead Solution Architect,Luxoft Poland,Remote,,  AWS   Agile   NoSQL  ,Senior
Senior Report (Power BI) Developer,Luxoft Poland,Remote,,  Power BI  ,Senior
"AWS DevOps Engineer, Mortgage Provider",DataArt,"Remote, Wrocław, Lublin, Kraków",15 000 - 24 000 PLN,  AWS   Kubernetes  ,Senior
Senior .NET Developer,Luxoft Poland,Remote,,  .NET   AWS   Docker  ,Senior
Regular/Senior C# Developer with Java,Luxoft Poland,Remote,,  .NET   C#   Java  ,Senior
"Blockchain Developer, Border Payment Platform",DataArt,"Remote, Wrocław, Lublin, Kraków",,  Java   Kubernetes   Docker  ,Senior
"Senior QA engineer (SQL, asset classes)",Luxoft Poland,Remote,,  Confluence   JIRA   SQL  ,Senior
Senior C++ Developer,Luxoft Poland,Remote,,  Agile   C++   Git  ,Senior
Senior Android Developer,Storm Ideas,Remote,22 000 - 30 000 PLN,  | Kotlin / Java | ,Senior
Java Tech Lead,Luxoft Poland,Kraków,,  Agile   Angular   CSS3  ,Senior
Senior FullStack Developer,Luxoft Poland,Remote,,  .NET   .NET Core   AWS  ,Senior
Senior React Developer ,Storm Ideas,Remote,22 000 - 30 000 PLN,  |React| |Rest APIs| |Git| ,Senior
Senior GPU Engineer,Luxoft Poland,Gdańsk,,  C   C++   Windows  ,Senior
Senior DevOps Engineer,Luxoft Poland,Remote,,  AWS   CI   Docker  ,Senior
QA Tester ,Vimanet,"Remote, Kraków, Bielsko-Biała",6 000 - 14 000 PLN,  Manual Testing   Test Automation   Rest API  ,Senior
Senior Architect,Luxoft Poland,Remote,,  AWS   Big Data   ETL  ,Senior
Senior Scrum Master,Luxoft Poland,Kraków,,  Agile  ,Senior
Project Manager Team Leader,Storm Ideas,Remote,17 000 - 20 000 PLN,  |Agile| |JIRA| ,Senior
Senior .Net Developer,Luxoft Poland,Warszawa,,  .NET   C#   MS SQL  ,Senior
Senior FullStack Developer (Python/Java/Scala),Luxoft Poland,Remote,,  Big Data   Java   Linux  ,Senior
Lead QA Engineer,Storm Ideas,Remote,17 000 - 22 000 PLN,  |JavaScript| |Selenium|  ,Senior
"Regular/Senior Simulation Developer (C++, Python)",Luxoft Poland,Wrocław,,  C++   Python  ,Senior
Murex Senior Integration Developer,Luxoft Poland,Warszawa,,  Agile   JIRA   SQL  ,Senior
Senior .NET Developer ,Storm Ideas,Remote,22 000 - 30 000 PLN,  |C#| |.NET Core| ,Senior
Senior Java Developer,Luxoft Poland,Kraków,,  Hibernate   Java   SQL  ,Senior
Regular/Senior C++ Embedded Software Developer,Luxoft Poland,"Gdańsk, Wrocław",,  C++   Linux  ,Senior
Senior Frontend Developer,Storm Ideas,Remote,22 000 - 30 000 PLN,  |HTML| |CSS| |JavaScript| ,Senior
Senior BigData (Java/Scala/Python) Engineer,Luxoft Poland,Remote,,  Java   Kafka   NoSQL  ,Senior
Senior Embedded Android Engineer,Luxoft Poland,Remote,,  Android   Gerrit   Git  ,Senior
Engineering Manager,Storm Ideas,Remote,24 000 - 31 000 PLN,  |C#| |JavaScript/React| ,Senior
Senior Business Intelligence Analyst w Zespole Data Intelligence Solutions,KPMG w Polsce ,"Remote, Warszawa",18 000 - 22 000 PLN,  Power BI   MS SQL  ,Senior
Senior Azure Data Engineer w zespole Data Intelligence Solutions,KPMG w Polsce ,"Remote, Warszawa",18 000 - 22 000 PLN,  Azure   MySQL  ,Senior
Fullstack Node.js Developer,Digital Colliers,Remote,16 000 - 30 000 PLN,  JavaScript   Node.js   React  ,Senior
Senior Golang Engineer,Digital Colliers,Remote,16 000 - 30 000 PLN,  Go   AWS   REST  ,Senior
Senior Project Manager,GSK Tech Global Centre in Poznan,Poznań,, ,Senior
Senior Fullstack Developer,Digital Colliers,Remote,16 000 - 30 000 PLN,  JavaScript   React   Node.js  ,Senior
Senior React Native Developer,Digital Colliers,Remote,16 000 - 30 000 PLN,  JavaScript   React Native   GraphQL  ,Senior
.NET Developer,ASSA ABLOY,"Zabierzów, Kraków",,"  Continuous development, .NET/C#  ",Senior
Senior Node.js Developer,Digital Colliers,Remote,16 000 - 30 000 PLN,  JavaScript   Node.js   GraphQL  ,Senior
Java Tech Lead,Luxoft Poland,Remote,,  Crucible   Git   Hibernate  ,Senior
Senior Java Software Engineer,Luxoft Poland,Kraków,,  Java   SQL   Spring  ,Senior
Senior Solutions Architect (.NET),Luxoft Poland,Remote,,  .NET   Azure   Azure  ,Senior
Senior Big Data Developer (with Python),Luxoft Poland,Remote,,  Agile   Python   SQL  ,Senior
Senior iOS Developer,Bank Millennium,Warszawa,12 000 - 26 000 PLN,  Swift   Objective-C   Xcode  ,Senior
Regular/Senior .Net Developer,Luxoft Poland,Remote,,  .NET   C#   CI  ,Senior
Senior Software Developer with C#,Luxoft Poland,Remote,,  C#   JavaScript  ,Senior
Cloud Technical Architect,Blue Yonder,Warszawa,,  Join us to fulfill your Potential!  ,Senior
ClientData Senior NLP / AI Data Scientist with Python,Luxoft Poland,Remote,,  Agile   Confluence   Git  ,Senior
Senior Java Developer,Luxoft Poland,"Remote, Warszawa",,  Java   Linux  ,Senior
Unix Administrator (Infra Run),Be | Shaping the Future Poland,Warszawa,16 800 - 23 500 PLN,  Linux   Shell   Unix  ,Senior
Senior Java Developer,Luxoft Poland,Warszawa,,  Java  ,Senior
Senior Java Developer,Luxoft Poland,"Remote, Kraków",,  Bamboo   Git  ,Senior
Network Support Engineer,Be | Shaping the Future Poland,Warszawa,Do 23 500 PLN,  CCNA   CCNP  ,Senior
Senior java developer,Luxoft Poland,"Remote, Kraków",,  TDD   Agile   BDD  ,Senior
Senior DevOps Engineer (C++ / build systems),Luxoft Poland,Gdańsk,,  Bash   CI   Docker  ,Senior
Senior Oracle DBA (RUN),Be | Shaping the Future Poland,Warszawa,Do 23 500 PLN,  Oracle Database  ,Senior
Senior Solution Architect,Luxoft Poland,Remote,,  AWS   Agile   NoSQL  ,Senior
Senior Data Engineer,Luxoft Poland,Remote,,  Azure   Apache   Azure  ,Senior
DevOps Engineer,Be | Shaping the Future Poland,"Remote, Warszawa",22 400 - 25 600 PLN,  RedHat Linux   Perl   Bash  ,Senior
Senior Java Developer,Luxoft Poland,Kraków,,  Bamboo   Git  ,Senior
Senior DevOps Engineer,Luxoft Poland,Kraków,,  Agile   CI  ,Senior
SQL Database Administrator,Kyndryl,Remote,,  MS SQL   Windows Server   PowerShell  ,Senior
Regular/Senior QA Manual (with automation skills),Luxoft Poland,"Remote, Kraków",,  Agile   JIRA  ,Senior
Senior Java Developer,Luxoft Poland,"Remote, Warszawa",,  Agile   Hadoop   JPA  ,Senior
Ansible Engineer,Be | Shaping the Future Poland,"Remote, Warszawa",17 000 - 24 000 PLN,  Windows   Ansible   Linux  ,Senior
Senior Java Developer,Luxoft Poland,Remote,,  Docker   Java   Jenkins  ,Senior
Regular/Senior Integration SW Developer,Luxoft Poland,Remote,,  Bash   C++   Python  ,Senior
Senior Oracle Database Administrator [REMOTE],Kyndryl,"Remote, Wrocław, Kraków, Katowice",,  Oracle Database   MS SQL   LINUX  ,Senior
Azure Analytics Architect Lead,Luxoft Poland,Remote,,  Azure   Azure   ETL  ,Senior
Senior C# Developer,Luxoft Poland,Wrocław,,  C#   MS SQL   SQL  ,Senior
SAP Cloud Solution Leader,Kyndryl,"Remote, Wrocław",Znamy widełki,  HANA   ECC   NetWeaver  ,Senior
Senior DevOps Engineer,Luxoft Poland,Wrocław,,  Ansible   Bash   Docker  ,Senior
[Markets Technology] Senior JavaScript Developer,Luxoft Poland,"Remote, Warszawa",,  Angular   CI   CSS  ,Senior
Technical Lead with Java,Luxoft Poland,Remote,,  Agile   BDD   Java  ,Senior
Lead Full Stack Developer,Luxoft Poland,Gdańsk,,  Angular   Git  ,Senior
Senior Technical Business Analyst with Automation background,Luxoft Poland,"Kraków, Wrocław",,  Agile   BDD   Python  ,Senior
Senior Java developer,Luxoft Poland,"Remote, Kraków",,  Angular   Java   JavaScript  ,Senior
Senior Java developer,Luxoft Poland,"Kraków, Wrocław",,  C   C++  ,Senior
Senior DevOps Engineer,Luxoft Poland,"Remote, Kraków",,  Git   Jenkins   Linux  ,Senior
Senior Murex Datamart/MxML Production Support,Luxoft Poland,Remote,,  SQL   Unix  ,Senior
Senior Automation QA Engineer,Luxoft Poland,Kraków,,  BDD   Python   REST  ,Senior
Senior Automation Tester,Luxoft Poland,Remote,,  BDD   Cucumber   Java  ,Senior
Senior IT Project Management Officer,Luxoft Poland,Remote,,  Confluence   JIRA  ,Senior
Senior Manual QA Engineer,Luxoft Poland,Wrocław,,  Git   Linux   Unix  ,Senior
Senior Autosar Engineer,Luxoft Poland,Remote,,  C   C++   RTOS  ,Senior
Senior Network Engineer,Luxoft Poland,Warszawa,, ,Senior
Senior Cards Developer,Luxoft Poland,Remote,,  Java   SQL  ,Senior
Senior Cloud Developer,Luxoft Poland,"Remote, Kraków",,  Azure   Azure   Java  ,Senior
Senior Data Engineer,Luxoft Poland,Remote,,  Azure   Agile   Azure  ,Senior
Senior DevOps Engineer (with Azure),Luxoft Poland,Remote,,  Azure   Ansible   Azure  ,Senior
Senior Data Scientist,Luxoft Poland,Remote,,  ETL  ,Senior
Tech Lead - Camera Data Provider,Luxoft Poland,Remote,,  C++   Linux  ,Senior
Senior Scala Developer,Luxoft Poland,Wrocław,,  BDD   Git   Kafka  ,Senior
Cloud Operation Manager,Sapiens Software Solutions Poland Sp. z o.o. ,Remote,,  JIRA  ,Senior
Senior Project Manager,Luxoft Poland,Remote,,  Agile  ,Senior
Senior Java Developer,Luxoft Poland,Remote,,  Java  ,Senior
Senior Java Developer,Sapiens Software Solutions Poland Sp. z o.o. ,"Remote, Łódź",,  Java   MS SQL   Spring  ,Senior
Technical Team Leader,Sapiens Software Solutions Poland Sp. z o.o. ,Remote,,  Java   EJB   MS SQL  ,Senior
Senior Enterprise Software Program Manager ,Hitachi Energy,Kraków,14 000 - 20 000 PLN,  Agile   JIRA   Confluence  ,Senior
IT Security Manager  (IT Security in IT project management)/ Menadżer d/s bezpieczeństwa IT w projektach wdrożeniowych,KPMG w Polsce ,Warszawa,20 000 - 25 000 PLN, ,Senior
Senior React/TypeScript Frond-end Developer,Hitachi Energy,"Remote, Kraków",9 000 - 15 000 PLN,  React   CSS  ,Senior
Senior Test Engineer,Transition Technologies PSC S.A.,"Remote, Białystok, Kielce i 3 więcej",, ,Senior
PHP Developer,Sii Polska,"Remote, Warszawa, Białystok i 12 więcej",18 000 - 24 000 PLN,  PHP   Symfony   MySQL  ,Senior
Senior QA Engineer,The WorkinGroup,Remote,21 000 - 23 100 PLN,"  Postman, Restful API, Specflow ",Senior
Data & Analytics Lead - Senior Manager,GSK Tech Global Centre in Poznan,Poznań,,  Agile  ,Senior
Senior Data Scientist,T-Mobile Polska S. A.,Warszawa,, ,Senior
Senior Frontend Engineer,ViacomCBS,Warszawa,,  Entertainment | Online media ,Senior
Senior Java Engineer,ViacomCBS,Warszawa,,  Entertainment | Online media ,Senior
Senior C#/.Net Developer - Desktop&Backend,Hitachi Energy,Kraków,10 000 - 16 000 PLN,  C#   .NET   WPF  ,Senior
Senior Android Developer,7N,Warszawa,17 600 - 24 000 PLN,  Kotlin   Java  ,Senior
Senior Engineer – Metrics & Data,GSK Tech Global Centre in Poznan,Poznań,, ,Senior
Senior Product Owner Supply Chain & Distribution (Tech area),GSK Tech Global Centre in Poznan,Poznań,, ,Senior
Senior DevOps Engineer - Sabre Hospitality team,Sabre Poland,"Remote, Kraków",,  Terraform    Packer  ,Senior
Vendor Performance & Operations Senior Manager,GSK Tech Global Centre in Poznan,Poznań,, ,Senior
Data & Analytics Lead - Senior Manager,GSK Tech Global Centre in Poznan,Poznań,, ,Senior
IT Network & Infrastructure Specialist,PF Logo Express,Poznań,,  Systems Management and Network ,Senior
Senior .Net Developer (B2B),Netcompany Poland Sp. z o.o.,Warszawa,Znamy widełki,  .NET   .NET Core   SQL  ,Senior
Java Fullstack Developer ,Sii Polska,"Remote, Warszawa, Wrocław i 12 więcej",,  Java   Spring   Angular  ,Senior
Senior Java Developer (B2B),Netcompany Poland Sp. z o.o.,Warszawa,,  Java   Spring Boot   SQL  ,Senior
Oracle Database Administrator ,Be | Shaping the Future Poland,Remote,16 000 - 24 000 PLN,  Oracle Database   DataGuard  ,Senior
Application Specialist with Windows / MS SharePoint experience,Kyndryl,"Remote, Katowice, Wrocław",,  SharePoint   Windows Server   MsSql  ,Senior
Senior Systems Integration Engineer,Diebold Nixdorf,"Katowice, Kraków",Znamy widełki, ,Senior
Senior Full Stack .NET Developer,ONWELO SA,"Remote, Warszawa, Lublin",Do 20 000 PLN,  .NET Core    C#   ASP.NET MVC  ,Senior
Senior Software QA Engineer- Sabre Hospitality team,Sabre Poland,"Remote, Kraków",,  SQL   Oracle   SQL Server  ,Senior
Lead Java Software Engineer,Sabre Poland,"Remote, Kraków",,  Java  ,Senior
Senior Sitecore Developer,Atos,"Remote, Wrocław",,  |Sitecore| |.NET| |HTML| |JavaScript| ,Senior
Software Architect - Revenue Optimizer,Sabre Poland,"Remote, Kraków",8 200 - 27 300 PLN,  Java     Spring    Spring Boot  ,Senior
Team Lead Site Reliability Engineering,Sabre Poland,"Remote, Kraków",,  Java   ,Senior
Senior Test Manager,Atos,"Remote, Wrocław",,  |ISTQB| |XML| |SQL| ,Senior
SAP Commerce Cloud Consultant/ Senior Consultant,Bilot Sp. z o.o.,"Poznań, Warszawa",,  SAP Commerce Cloud ,Senior
Principal Enterprise Architect (AWS),Sigma IT Poland,"Remote, Wrocław",20 000 - 30 000 PLN,  We're looking for Cloud Guru. ,Senior
UX/UI Designer (Relocation to Prague),Sigma IT Poland,Praga,14 400 - 26 200 PLN,  Project for Scandinavian automotive. ,Senior
Senior Java Engineer,Sysnet,"Remote, Poznań",13 000 - 19 000 PLN,  Java/Groovy ,Senior
Senior Cloud Operations Team Leader,Hitachi Energy,Kraków,10 000 - 17 000 PLN,  Agile   Kubernetes   Kafka  ,Senior
MSSQL Server Engineer,Be | Shaping the Future Poland,"Remote, Warszawa",17 600 - 24 000 PLN,  MS SQL  ,Senior
Privileged Access Management Consultant ,Predica Sp. z o.o.,"Remote, Warszawa, Lublin",14 000 - 22 700 PLN,  Windows Server  ,Senior
Senior Java Fullstack Engineer ,Syncron Sp. z o.o.,"Remote, Warszawa",15 000 - 24 000 PLN,  Fullstack Software Engineer  ,Senior
"Senior Manager, Regulatory Systems & Processes",GSK Tech Global Centre in Poznan,Poznań,, ,Senior
Senior C# Developer,Sii Polska,Wrocław,,  C#   MS SQL   SSAS  ,Senior
Python Fullstack Developer,Sii Polska,"Remote, Wrocław, Warszawa i 12 więcej",,  Python   TypeScript   React  ,Senior
Lider Techniczny / Starszy Programista Java,Atos,"Remote, Wrocław, Warszawa, Łódź",,  |Java| |Kafka| ,Senior
Senior Java Developer ,Power Media,"Remote, Warszawa, Bydgoszcz",,  Java    Spring Boot   Hibernate  ,Senior
Senior Business Analyst,7N,Remote,16 800 - 21 800 PLN, ,Senior
Quality Assurance Engineer,Amsterdam Standard Sp. z o.o.,"Remote, Kraków, Wrocław, Rzeszów",,  |Agile| |REST| |JavaScript| |JIRA| ,Senior
Senior R&D Software Development Group Leader,Hitachi Energy,Kraków,14 000 - 20 000 PLN,  Agile  ,Senior
Python Fullstack Lead,Sii Polska,"Remote, Warszawa, Gdańsk i 12 więcej",,  Python   React   Angular  ,Senior
Cloud Engineer/DevOps,7N,Remote,25 600 - 32 000 PLN,  Java   AWS   Język angielski  ,Senior
Senior C# Developer/ Technical Lead,Transition Technologies PSC S.A.,"Remote, Białystok, Kielce i 3 więcej",,  C#   JavaScript   AngularJS  ,Senior
Senior C++ Developer,Transition Technologies PSC S.A.,"Remote, Białystok, Kielce i 3 więcej",,  Cybersecurity project ,Senior
DevOps Team Lead,HARMAN Connected Services Poland ,Łódź,16 000 - 32 000 PLN,  DevOps ,Senior
C++ Team Lead,Transition Technologies PSC S.A.,"Remote, Białystok, Kielce i 3 więcej",,  C++    C#   Java  ,Senior
Senior C++ Developer,Transition Technologies PSC S.A.,"Remote, Białystok, Kielce i 3 więcej",,  Augmented Reality project ,Senior
Java Developer,Zonda Global,"Remote, Katowice, Kraków",,  100% remote work ,Senior
SLAM Engineer,Transition Technologies PSC S.A.,"Remote, Białystok, Kielce i 3 więcej",,  C++   C  ,Senior
Front End Technical Lead / Architect,Transition Technologies PSC S.A.,"Remote, Białystok, Kielce i 3 więcej",,  React   Angular   JavaScript  ,Senior
Java Developer,Power Media,"Remote, Katowice",Znamy widełki,  Java   BDD   TDD  ,Senior
Scala Developer,Zonda Global,"Remote, Katowice, Kraków",,  100% remote work ,Senior
Senior Android Developer,PKO BP Finat,"Remote, Warszawa, Wrocław, Poznań",,  Kotlin   Java   Android  ,Senior
Frontend Developer,Zonda Global,"Remote, Katowice, Kraków",,  100% remote work ,Senior
Java Developer ,Power Media,"Wrocław, Poznań",,  Java   JavaEE   Spring  ,Senior
Wordpress Fullstack (PHP) Developer ,Power Media,"Remote, Warszawa",,  WordPress   PHP   HTML5  ,Senior
React Senior Developer,Sofomo,Remote,14 000 - 19 000 PLN,  React ,Senior
Senior Frontend Developer (Angular) / Lead,Power Media,"Remote, Kraków",,  JavaScript     TypeScritp   Angular  ,Senior
"Senior Frontend Developer, TypeScript/React",XPERI Poland,"Remote, Warszawa",,  Work on Frontend application  ,Senior
Kierownik Projektów IT,Gemini Polska,Gdańsk,,  Agile   PMBOK   Prince 2  ,Senior
Expert Java Backend Developer,Syncron Sp. z o.o.,"Remote, Warszawa",17 000 - 28 700 PLN,  Backend Software Engineer  ,Senior
Senior Front-end Developer,Bank Millennium,Gdańsk,,  HTML5   CSS3   JavaScript  ,Senior
Architekt IT,j-labs sp. z o.o.,Remote,26 800 - 30 200 PLN,  .NET Core  ,Senior
C++ Developer (remote) ,Sigma IT Poland,"Remote, Wrocław",15 500 - 22 000 PLN,  Sigma IT Poland ,Senior
DevOps Team Leader,Power Media,Katowice,,  Jenkins   Ansible   Git  ,Senior
C# Senior Software Engineer,Power Media,"Remote, Kraków",,  .NET   C#  ,Senior
Validation Lead,Sii Polska,"Remote, Kraków, Wrocław i 12 więcej",,  GAMP5   21 CRF Part 11  ,Senior
Senior Java Developer (Hybris),Power Media,"Remote, Wrocław",,  Java   Spring   Hybris   ,Senior
Administrator Baz Danych MS-SQL,Bank Millennium,Warszawa,,  SQL   MS SQL   Windows Server  ,Senior
Senior .NET Developer (fullstack),Future Processing,"Remote, Gliwice",10 300 - 19 400 PLN,  One Day Recruitment ,Senior
Senior Quality Assurance Engineer,Future Processing,"Remote, Gliwice",10 300 - 19 400 PLN,  One Day Recruitment ,Senior
Solution Manager,Kyndryl,"Remote, Wrocław",Znamy widełki, ,Senior
Senior DevOps Engineer,Future Processing,"Remote, Gliwice",11 200 - 21 000 PLN,  Możliwość wyboru projektu ,Senior
Senior Java Developer,Future Processing,Remote,11 200 - 22 000 PLN,  Możliwość wyboru projektu ,Senior
Senior DevOps Engineer,Luxoft Poland,Kraków,,  Azure   Azure  ,Senior
Senior Business Intelligence Developer (Azure),Future Processing,"Remote, Gliwice",11 200 - 21 000 PLN,  Możliwość wyboru projektu ,Senior
Senior DevOps Engineer,Luxoft Poland,"Remote, Kraków",,  AWS   Azure   Azure  ,Senior
Senior C++ Developer (with cloud),Luxoft Poland,Remote,,  C++  ,Senior
Architekt Cloud i Infrastruktury IT,Bank Millennium,Warszawa,,  VMware  ,Senior
Senior C++ Developer (with cloud),Luxoft Poland,Remote,,  C++  ,Senior
Senior C++ Architect (with cloud),Luxoft Poland,Remote,,  C++   Linux  ,Senior
Senior C# Developer,Hitachi Energy,Kraków,12 000 - 18 000 PLN,  C#  ,Senior
Senior Data Engineer,Luxoft Poland,Remote,,  AWS   Python   SQL  ,Senior
Senior Java Developer,Hitachi Energy,Kraków,9 000 - 17 500 PLN,  Java   Agile   TypeScript  ,Senior
Senior System Integrator,Hitachi Energy,Kraków,10 000 - 15 000 PLN,  Windows   Linux   Oracle   ,Senior
Senior QA Engineer,Hitachi Energy,Kraków,10 000 - 15 000 PLN,  SQL   MS SQL   Oracle Database  ,Senior
"Front-End React Engineer L3 (5+ yrs exp. req'd, U.S. Cybersecurity SaaS Startup)","Preava, Inc.",Remote,21 000 - 30 000 PLN,  React   TypeScript  ,Senior
Kierownik Projektów Cloud i Infrastruktury IT,Bank Millennium,Warszawa,,  Azure   Excel   Word  ,Senior
Senior Angular Developer,Hycom,"Łódź, Toruń, Warszawa",,  Angular ,Senior
Senior Full-stack Java/React Developer,Hitachi Energy,"Remote, Kraków",9 000 - 15 000 PLN,  Java     Kotlin   TypeScript  ,Senior
Senior CSA Quality Assurance Expert,Hitachi Energy,"Remote, Kraków",10 000 - 16 000 PLN,  Visual Studio   Azure  ,Senior
Senior Frontend Developer,Apptension ,"Remote, Poznań",12 400 - 21 000 PLN,"  React, Redux, 4+ years ",Senior
Remote Front-end Lead,Shiji Poland,"Remote, Katowice",,  JavaScript ES6/TypeScript ,Senior
